Tags,Extract_time
mui-x,2023-05-26 12:25:18.975014
angular16,2023-05-26 12:25:18.975014
fm-radio,2023-05-26 12:25:18.975014
earthpy,2023-05-26 12:25:18.975014
owasp-dependency-check,2023-05-26 12:25:18.975014
azure-cicd,2023-05-26 12:25:18.975014
chatgpt-plugin,2023-05-26 12:25:18.975014
android-studio-flamingo,2023-05-26 12:25:18.975014
rust-poem,2023-05-26 12:25:18.975014
open-telemetry-collector,2023-05-26 12:25:18.975014
rootstock,2023-05-26 12:25:18.975014
r-styler,2023-05-26 12:25:18.975014
sap-btp-sdk-ios,2023-05-26 12:25:18.975014
java-20,2023-05-26 12:25:18.975014
pygpt4all,2023-05-26 12:25:18.975014
pdm,2023-05-26 12:25:18.975014
gin,2023-05-26 12:25:18.975014
delta-rs,2023-05-26 12:25:18.975014
dyalog-ride,2023-05-26 12:25:18.975014
python-catalyst,2023-05-26 12:25:18.975014
kysely,2023-05-26 12:25:18.975014
flutter-3.10,2023-05-26 12:25:18.975014
node-html-parser,2023-05-26 12:25:18.975014
wagmi,2023-05-26 12:25:18.975014
haskell-brick,2023-05-26 12:25:18.975014
android-compose,2023-05-26 12:25:18.975014
text-davinci-003,2023-05-26 12:25:18.975014
dart3,2023-05-26 12:25:18.975014
spring6,2023-05-26 12:25:18.975014
dbt-bigquery,2023-05-26 12:25:18.975014
react-apexcharts,2023-05-26 12:25:18.975014
sympa,2023-05-26 12:25:18.975014
timefold,2023-05-26 12:25:18.975014
cppfront,2023-05-26 12:25:18.975014
venom,2023-05-26 12:25:18.975014
categorized-highcharts-map,2023-05-26 12:25:18.975014
drilldown-highcharts-map,2023-05-26 12:25:18.975014
trelloapi,2023-05-26 12:25:18.975014
trellocard,2023-05-26 12:25:18.975014
bacalhau,2023-05-26 12:25:18.975014
links-platform,2023-05-26 12:25:18.975014
cloudnative-pg,2023-05-26 12:25:18.975014
vegabrite,2023-05-26 12:25:18.975014
reload4j,2023-05-26 12:25:18.975014
arc-browser,2023-05-26 12:25:18.975014
armhf,2023-05-26 12:25:18.975014
posit-connect,2023-05-26 12:25:18.975014
mojolang,2023-05-26 12:25:18.975014
cloud-native,2023-05-26 12:25:18.975014
aws-instance-scheduler,2023-05-26 12:25:18.975014
electron-wix-msi,2023-05-26 12:25:18.975014
mrsk,2023-05-26 12:25:18.975014
base-ui,2023-05-26 12:25:18.975014
cross-match,2023-05-26 12:25:18.975014
common-symbol,2023-05-26 12:25:18.975014
next-intl,2023-05-26 12:25:18.975014
microsoft-entra-external-id,2023-05-26 12:25:18.975014
cloudflare-turnstile,2023-05-26 12:25:18.975014
mpgs-session-js,2023-05-26 12:25:18.975014
spring-data-reactive-cassandra,2023-05-26 12:25:18.975014
beeceptor,2023-05-26 12:25:18.975014
flutter3.x,2023-05-26 12:25:18.975014
polystat,2023-05-26 12:25:18.975014
ding-dong,2023-05-26 12:25:18.975014
bpmn-engine,2023-05-26 12:25:18.975014
community-server-connector,2023-05-26 12:25:18.975014
yuniql,2023-05-26 12:25:18.975014
reinitialization,2023-05-26 12:25:18.975014
array.includes,2023-05-26 12:25:18.975014
jointgrid,2023-05-26 12:25:18.975014
classic-pipeline,2023-05-26 12:25:18.975014
android-nfc,2023-05-26 12:25:18.975014
pandadoc,2023-05-26 12:25:18.975014
esri-kotlin,2023-05-26 12:25:18.975014
custom-record,2023-05-26 12:25:18.975014
twiggy,2023-05-26 12:25:18.975014
aws-lambda-authoriser,2023-05-26 12:25:18.975014
node.js-telegram,2023-05-26 12:25:18.975014
ip-routing,2023-05-26 12:25:18.975014
foundry-templates,2023-05-26 12:25:18.975014
aiobotocore,2023-05-26 12:25:18.975014
flexdatalist,2023-05-26 12:25:18.975014
stac4s,2023-05-26 12:25:18.975014
orkes,2023-05-26 12:25:18.975014
maven-multi-module,2023-05-26 12:25:18.975014
stale-while-revalidate,2023-05-26 12:25:18.975014
literal-types,2023-05-26 12:25:18.975014
rust-goose,2023-05-26 12:25:18.975014
todo.txt,2023-05-26 12:25:18.975014
mkdocstrings,2023-05-26 12:25:18.975014
django-elasticsearch-dsl,2023-05-26 12:25:18.975014
screen-time,2023-05-26 12:25:18.975014
fastapi-middleware,2023-05-26 12:25:18.975014
cosmjs,2023-05-26 12:25:18.975014
app-engine-studio,2023-05-26 12:25:18.975014
